{
  "skipped bibcodes": [],
  "basic stats": {
    "number of papers": 157,
    "normalized paper count": 23.636625366018585,
    "total number of reads": 10108,
    "average number of reads": 64.38216560509554,
    "median number of reads": 18.0,
    "recent number of reads": 1216,
    "total number of downloads": 4265,
    "average number of downloads": 28.81756756756757,
    "median number of downloads": 3.0,
    "recent number of downloads": 472
  },
  "basic stats refereed": {
    "number of papers": 41,
    "normalized paper count": 7.132660565453454,
    "total number of reads": 7936,
    "average number of reads": 193.5609756097561,
    "median number of reads": 155.0,
    "recent number of reads": 972,
    "total number of downloads": 3709,
    "average number of downloads": 90.46341463414635,
    "median number of downloads": 81.0,
    "recent number of downloads": 422
  },
  "citation stats": {
    "number of citing papers": 554,
    "number of self-citations": 155,
    "self-citations": [
      "2025ApJ...986L..28H",
      "2021Atmos..12.1277N",
      "2023ApJ...950...51J",
      "2025ApJ...990L..60R",
      "2026ApJ...999..225Y",
      "2025arXiv251220098D",
      "2021ApJ...909....7K",
      "2019ApJ...879L...6A",
      "2022RNAAS...6..135A",
      "2025A&A...700A..23A",
      "2021ApJ...923..116M",
      "2021SoPh..296...67A",
      "2025ApJ...984L..64A",
      "2023A&A...676A..36L",
      "2025A&A...694A.265A",
      "2025ApJ...982L..40A",
      "2026ApJ...996L..12A",
      "2022ApJ...924..112V",
      "2019ApJ...884L..53W",
      "2020ApJS..248....5V",
      "2025arXiv251220098D",
      "2026ApJ...999..225Y",
      "2023SoPh..298...78W",
      "2023A&A...676A..36L",
      "2025A&A...694A.265A",
      "2025ApJ...982L..40A",
      "2025A&A...700A..23A",
      "2022FrASS...956347R",
      "2023BAAS...55c.341R",
      "2025A&A...693A.243D",
      "2025ApJ...980...70R",
      "2025arXiv251220098D",
      "2025A&A...694A.265A",
      "2026PhRvL.136y5201M",
      "2025A&A...694A.265A",
      "2020ApJS..246...70H",
      "2026ApJ...999..225Y",
      "2021ApJ...909....7K",
      "2025ApJ...984L..64A",
      "2026PhRvL.136y5201M",
      "2025ApJ...982L..40A",
      "2026ApJ...996L..12A",
      "2020MNRAS.498.5524W",
      "2022ApJ...924..112V",
      "2025A&A...700A..23A",
      "2021ApJ...923..116M",
      "2025ApJ...990L..60R",
      "2022RNAAS...6..135A",
      "2025ApJ...980...70R",
      "2022FrASS...956347R",
      "2024ApJ...974..198R",
      "2023BAAS...55c.341R",
      "2025arXiv251220098D",
      "2021ApJ...909....7K",
      "2026PhRvL.136y5201M",
      "2025A&A...694A.265A",
      "2022ApJ...924..112V",
      "2021ApJ...923..116M",
      "2019ApJ...884L..53W",
      "2020ApJS..246...70H",
      "2020ApJS..248....5V",
      "2025SSRv..222....1L",
      "2023A&A...676A..36L",
      "2023SoPh..298...78W",
      "2025A&A...694A.265A",
      "2024ApJ...974..198R",
      "2025A&A...700A..23A",
      "2025ApJ...990L..60R",
      "2025ApJ...980...70R",
      "2026SSRv..222....6C",
      "2025ApJ...982L..40A",
      "2026ApJ...996L..12A",
      "2025GeoRL..5215186B",
      "2025A&A...700A..23A",
      "2025arXiv251220098D",
      "2025GeoRL..5215186B",
      "2025arXiv251220098D",
      "2026ApJ...999..225Y",
      "2025arXiv251220098D",
      "2024ApJ...964L..31A",
      "2026SSRv..222....6C",
      "2025A&A...694A.265A",
      "2025ApJ...982L..40A",
      "2021ApJ...923..116M",
      "2020ApJS..248....5V",
      "2025ApJ...984L..64A",
      "2026ApJ...996L..12A",
      "2025GeoRL..5215186B",
      "2025A&A...700A..23A",
      "2025ApJ...990L..60R",
      "2025arXiv251220098D",
      "2025A&A...694A.265A",
      "2024ApJ...974..198R",
      "2025ApJ...982L..40A",
      "2025ApJ...990L..60R",
      "2025ApJ...980...70R",
      "2025arXiv251220098D",
      "2026ApJ...997..204V",
      "2025ApJ...984L..64A",
      "2025ApJ...982L..40A",
      "2026ApJ...996L..12A",
      "2025A&A...700A..23A",
      "2025ApJ...990L..60R",
      "2026ApJ...999..225Y",
      "2025arXiv251220098D",
      "2026ApJ...996L..12A",
      "2025arXiv251220098D",
      "2025ApJ...990L..60R",
      "2026SSRv..222....6C",
      "2026PhRvL.136y5201M",
      "2025ApJ...990L..60R",
      "2022RNAAS...6..135A",
      "2025arXiv251220098D",
      "2025arXiv251220098D",
      "2025A&A...694A.265A",
      "2025ApJ...982L..40A",
      "2026ApJ...996L..12A",
      "2023IAUS..372....3M",
      "2025A&A...700A..23A",
      "2025ApJ...980...70R",
      "2023ApJ...952...42A",
      "2021SoPh..296...67A",
      "2025ApJ...986L..28H",
      "2026PhRvL.136y5201M",
      "2021Atmos..12.1277N",
      "2020MNRAS.498.5524W",
      "2026ApJ...999..225Y",
      "2020ApJS..248....5V",
      "2025ApJ...984L..64A",
      "2025ApJ...982L..40A",
      "2026ApJ...996L..12A",
      "2022ApJ...924..112V",
      "2025A&A...700A..23A",
      "2021ApJ...923..116M",
      "2026PhRvL.136y5201M",
      "2022RNAAS...6..135A",
      "2025A&A...694A.265A",
      "2025ApJ...982L..40A",
      "2026ApJ...996L..12A",
      "2025A&A...700A..23A",
      "2025ApJ...980...70R",
      "2023ApJ...952...42A",
      "2025arXiv251220098D",
      "2025ApJ...986L..28H",
      "2025ApJ...984L..64A",
      "2026ApJ...996L..12A",
      "2025A&A...700A..23A",
      "2026ApJ...999..225Y",
      "2025arXiv251220098D",
      "2025ApJ...984L..64A",
      "2025ApJ...982L..40A",
      "2026ApJ...996L..12A",
      "2025A&A...700A..23A",
      "2022RNAAS...6..135A",
      "2025arXiv251220098D"
    ],
    "total number of citations": 1039,
    "average number of citations": 6.617834394904459,
    "median number of citations": 0.0,
    "normalized number of citations": 139.00123362442363,
    "total number of refereed citations": 965,
    "average number of refereed citations": 6.146496815286624,
    "median number of refereed citations": 0.0,
    "normalized number of refereed citations": 128.41242601789386
  },
  "citation stats refereed": {
    "number of citing papers": 543,
    "number of self-citations": 155,
    "total number of citations": 1026,
    "average number of citations": 25.024390243902438,
    "median number of citations": 11.0,
    "normalized number of citations": 137.27023861772528,
    "total number of refereed citations": 955,
    "average number of refereed citations": 23.29268292682927,
    "median number of refereed citations": 10.0,
    "normalized number of refereed citations": 126.906921207274
  },
  "histograms": {
    "publications": {
      "all publications": {
        "2014": 2,
        "2015": 3,
        "2016": 2,
        "2017": 9,
        "2018": 9,
        "2019": 10,
        "2020": 9,
        "2021": 11,
        "2022": 33,
        "2023": 25,
        "2024": 14,
        "2025": 24,
        "2026": 6
      },
      "refereed publications": {
        "2014": 0,
        "2015": 0,
        "2016": 0,
        "2017": 0,
        "2018": 2,
        "2019": 3,
        "2020": 4,
        "2021": 4,
        "2022": 4,
        "2023": 5,
        "2024": 3,
        "2025": 10,
        "2026": 6
      },
      "all publications normalized": {
        "2014": 0.25396825396825395,
        "2015": 0.6761904761904762,
        "2016": 0.5833333333333333,
        "2017": 2.6428571428571432,
        "2018": 2.0,
        "2019": 2.9031746031746035,
        "2020": 0.7126202300115343,
        "2021": 2.2111111111111112,
        "2022": 4.0688173504819325,
        "2023": 1.9700861463070594,
        "2024": 1.0038344301502198,
        "2025": 3.782919678462243,
        "2026": 0.8277126099706744
      },
      "refereed publications normalized": {
        "2014": 0,
        "2015": 0,
        "2016": 0,
        "2017": 0,
        "2018": 0.45,
        "2019": 1.6666666666666665,
        "2020": 0.20333000333000334,
        "2021": 0.6777777777777778,
        "2022": 0.3257408226448474,
        "2023": 0.39626941685765216,
        "2024": 0.29583333333333334,
        "2025": 2.2893299348725,