{
  "skipped bibcodes": [],
  "basic stats": {
    "number of papers": 150,
    "normalized paper count": 23.06936346125668,
    "total number of reads": 9470,
    "average number of reads": 63.13333333333333,
    "median number of reads": 18.0,
    "recent number of reads": 578,
    "total number of downloads": 4029,
    "average number of downloads": 27.595890410958905,
    "median number of downloads": 3.0,
    "recent number of downloads": 236
  },
  "basic stats refereed": {
    "number of papers": 39,
    "normalized paper count": 6.9382161210090105,
    "total number of reads": 7417,
    "average number of reads": 190.17948717948718,
    "median number of reads": 157.0,
    "recent number of reads": 453,
    "total number of downloads": 3488,
    "average number of downloads": 89.43589743589743,
    "median number of downloads": 83.0,
    "recent number of downloads": 201
  },
  "citation stats": {
    "number of citing papers": 525,
    "number of self-citations": 154,
    "self-citations": [
      "2025A&A...700A..23A",
      "2022RNAAS...6..135A",
      "2021SoPh..296...67A",
      "2022ApJ...924..112V",
      "2025A&A...694A.265A",
      "2019ApJ...879L...6A",
      "2025arXiv251220098D",
      "2019ApJ...884L..53W",
      "2025ApJ...984L..64A",
      "2023A&A...676A..36L",
      "2025ApJ...990L..60R",
      "2020ApJS..248....5V",
      "2025ApJ...986L..28H",
      "2025ApJ...982L..40A",
      "2021ApJ...923..116M",
      "2021Atmos..12.1277N",
      "2026ApJ...996L..12A",
      "2026ApJ...999..225Y",
      "2023ApJ...950...51J",
      "2021ApJ...909....7K",
      "2025arXiv251220098D",
      "2026ApJ...999..225Y",
      "2022FrASS...956347R",
      "2023SoPh..298...78W",
      "2023A&A...676A..36L",
      "2025A&A...700A..23A",
      "2023BAAS...55c.341R",
      "2025ApJ...982L..40A",
      "2025A&A...694A.265A",
      "2025A&A...693A.243D",
      "2025ApJ...980...70R",
      "2025arXiv251220098D",
      "2025A&A...694A.265A",
      "2025arXiv251218485M",
      "2026ApJ...999..225Y",
      "2020ApJS..246...70H",
      "2025A&A...694A.265A",
      "2021ApJ...923..116M",
      "2025ApJ...984L..64A",
      "2025arXiv251218485M",
      "2026ApJ...996L..12A",
      "2025ApJ...982L..40A",
      "2025A&A...700A..23A",
      "2025ApJ...990L..60R",
      "2022RNAAS...6..135A",
      "2021ApJ...909....7K",
      "2022ApJ...924..112V",
      "2020MNRAS.498.5524W",
      "2022FrASS...956347R",
      "2025ApJ...980...70R",
      "2024ApJ...974..198R",
      "2023BAAS...55c.341R",
      "2025arXiv251220098D",
      "2021ApJ...923..116M",
      "2020ApJS..246...70H",
      "2025arXiv251218485M",
      "2019ApJ...884L..53W",
      "2020ApJS..248....5V",
      "2021ApJ...909....7K",
      "2022ApJ...924..112V",
      "2025A&A...694A.265A",
      "2025ApJ...980...70R",
      "2023SoPh..298...78W",
      "2023A&A...676A..36L",
      "2024ApJ...974..198R",
      "2025A&A...700A..23A",
      "2025ApJ...990L..60R",
      "2025A&A...694A.265A",
      "2026SSRv..222....6C",
      "2025GeoRL..5215186B",
      "2026ApJ...996L..12A",
      "2025arXiv251220098D",
      "2025A&A...700A..23A",
      "2025ApJ...982L..40A",
      "2025arXiv251220098D",
      "2025GeoRL..5215186B",
      "2026ApJ...999..225Y",
      "2025arXiv251220098D",
      "2026SSRv..222....6C",
      "2024ApJ...964L..31A",
      "2025ApJ...982L..40A",
      "2025A&A...694A.265A",
      "2021ApJ...923..116M",
      "2020ApJS..248....5V",
      "2025GeoRL..5215186B",
      "2026ApJ...996L..12A",
      "2025arXiv251220098D",
      "2025A&A...700A..23A",
      "2025ApJ...990L..60R",
      "2025ApJ...984L..64A",
      "2026ApJ...997..204V",
      "2025ApJ...980...70R",
      "2025arXiv251220098D",
      "2025ApJ...990L..60R",
      "2024ApJ...974..198R",
      "2025ApJ...982L..40A",
      "2025A&A...694A.265A",
      "2026ApJ...996L..12A",
      "2025arXiv251220098D",
      "2026ApJ...999..225Y",
      "2025A&A...700A..23A",
      "2025ApJ...990L..60R",
      "2025ApJ...984L..64A",
      "2025ApJ...982L..40A",
      "2025arXiv251220098D",
      "2026ApJ...996L..12A",
      "2025ApJ...990L..60R",
      "2026SSRv..222....6C",
      "2025ApJ...990L..60R",
      "2025arXiv251218485M",
      "2022RNAAS...6..135A",
      "2025arXiv251220098D",
      "2025arXiv251220098D",
      "2023IAUS..372....3M",
      "2025ApJ...980...70R",
      "2026ApJ...996L..12A",
      "2025A&A...700A..23A",
      "2023ApJ...952...42A",
      "2021SoPh..296...67A",
      "2025ApJ...982L..40A",
      "2025A&A...694A.265A",
      "2021Atmos..12.1277N",
      "2025arXiv251218485M",
      "2026ApJ...999..225Y",
      "2020ApJS..248....5V",
      "2025ApJ...986L..28H",
      "2020MNRAS.498.5524W",
      "2021ApJ...923..116M",
      "2025ApJ...984L..64A",
      "2026ApJ...996L..12A",
      "2025A&A...700A..23A",
      "2022ApJ...924..112V",
      "2025ApJ...982L..40A",
      "2025arXiv251218485M",
      "2022RNAAS...6..135A",
      "2025ApJ...980...70R",
      "2026ApJ...996L..12A",
      "2025arXiv251220098D",
      "2025A&A...700A..23A",
      "2023ApJ...952...42A",
      "2025ApJ...982L..40A",
      "2025A&A...694A.265A",
      "2025ApJ...984L..64A",
      "2026ApJ...996L..12A",
      "2025arXiv251220098D",
      "2026ApJ...999..225Y",
      "2025A&A...700A..23A",
      "2025ApJ...986L..28H",
      "2026ApJ...996L..12A",
      "2025A&A...700A..23A",
      "2022RNAAS...6..135A",
      "2025ApJ...984L..64A",
      "2025ApJ...982L..40A",
      "2025arXiv251220098D"
    ],
    "total number of citations": 989,
    "average number of citations": 6.593333333333334,
    "median number of citations": 0.0,
    "normalized number of citations": 134.92352864118638,
    "total number of refereed citations": 907,
    "average number of refereed citations": 6.046666666666667,
    "median number of refereed citations": 0.0,
    "normalized number of refereed citations": 121.84221230978598
  },
  "citation stats refereed": {
    "number of citing papers": 514,
    "number of self-citations": 154,
    "total number of citations": 975,
    "average number of citations": 25.0,
    "median number of citations": 13.0,
    "normalized number of citations": 133.08142252337694,
    "total number of refereed citations": 897,
    "average number of refereed citations": 23.0,
    "median number of refereed citations": 11.0,
    "normalized number of refereed citations": 120.33670749916605
  },
  "histograms": {
    "publications": {
      "all publications": {
        "2014": 2,
        "2015": 3,
        "2016": 2,
        "2017": 9,
        "2018": 9,
        "2019": 10,
        "2020": 9,
        "2021": 11,
        "2022": 33,
        "2023": 25,
        "2024": 14,
        "2025": 18,
        "2026": 5
      },
      "refereed publications": {
        "2014": 0,
        "2015": 0,
        "2016": 0,
        "2017": 0,
        "2018": 2,
        "2019": 3,
        "2020": 4,
        "2021": 4,
        "2022": 4,
        "2023": 5,
        "2024": 3,
        "2025": 10,
        "2026": 4
      },
      "all publications normalized": {
        "2014": 0.25396825396825395,
        "2015": 0.6761904761904762,
        "2016": 0.5833333333333333,
        "2017": 2.6428571428571432,
        "2018": 2.0,
        "2019": 2.9031746031746035,
        "2020": 0.7126202300115343,
        "2021": 2.2111111111111112,
        "2022": 4.0688173504819325,
        "2023": 1.9700861463070594,
        "2024": 1.0038344301502198,
        "2025": 3.326768884811449,
        "2026": 0.7166014988595634
      },
      "refereed publications normalized": {
        "2014": 0,
        "2015": 0,
        "2016": 0,
        "2017": 0,
        "2018": 0.45,
        "2019": 1.6666666666666665,
        "2020": 0.20333000333000334,
        "2021": 0.6777777777777778,
        "2022": 0.3257408226448474,
        "2023": 0.39626941685765216,
        "2024": 0.29583333333333334,
        "2025": 2.2893299348725,
        "2026": 0.63326816552623
      }
    },