{
  "skipped bibcodes": [],
  "basic stats": {
    "number of papers": 139,
    "normalized paper count": 21.83550005763521,
    "total number of reads": 8872,
    "average number of reads": 63.827338129496404,
    "median number of reads": 16.0,
    "recent number of reads": 3,
    "total number of downloads": 3787,
    "average number of downloads": 27.642335766423358,
    "median number of downloads": 2.0,
    "recent number of downloads": 0
  },
  "basic stats refereed": {
    "number of papers": 36,
    "normalized paper count": 6.80494795548278,
    "total number of reads": 6965,
    "average number of reads": 193.47222222222223,
    "median number of reads": 178.5,
    "recent number of reads": 1,
    "total number of downloads": 3287,
    "average number of downloads": 91.30555555555556,
    "median number of downloads": 82.5,
    "recent number of downloads": 0
  },
  "citation stats": {
    "number of citing papers": 478,
    "number of self-citations": 143,
    "self-citations": [
      "2019ApJ...884L..53W",
      "2025ApJ...982L..40A",
      "2026ApJ...996L..12A",
      "2025ApJ...984L..64A",
      "2022ApJ...924..112V",
      "2025ApJ...990L..60R",
      "2025arXiv251220098D",
      "2023A&A...676A..36L",
      "2025A&A...694A.265A",
      "2021ApJ...923..116M",
      "2021SoPh..296...67A",
      "2022RNAAS...6..135A",
      "2019ApJ...879L...6A",
      "2025A&A...700A..23A",
      "2021ApJ...909....7K",
      "2023ApJ...950...51J",
      "2021Atmos..12.1277N",
      "2020ApJS..248....5V",
      "2025ApJ...986L..28H",
      "2025arXiv251220098D",
      "2025ApJ...982L..40A",
      "2022FrASS...956347R",
      "2023A&A...676A..36L",
      "2023BAAS...55c.341R",
      "2025A&A...694A.265A",
      "2025A&A...700A..23A",
      "2023SoPh..298...78W",
      "2025A&A...693A.243D",
      "2025A&A...694A.265A",
      "2025ApJ...980...70R",
      "2025arXiv251220098D",
      "2020ApJS..246...70H",
      "2025A&A...694A.265A",
      "2025ApJ...982L..40A",
      "2020MNRAS.498.5524W",
      "2022RNAAS...6..135A",
      "2026ApJ...996L..12A",
      "2025ApJ...984L..64A",
      "2025arXiv251218485M",
      "2025ApJ...990L..60R",
      "2022ApJ...924..112V",
      "2021ApJ...923..116M",
      "2025A&A...700A..23A",
      "2021ApJ...909....7K",
      "2023BAAS...55c.341R",
      "2025ApJ...980...70R",
      "2024ApJ...974..198R",
      "2022FrASS...956347R",
      "2025arXiv251218485M",
      "2025arXiv251220098D",
      "2020ApJS..246...70H",
      "2019ApJ...884L..53W",
      "2025A&A...694A.265A",
      "2020ApJS..248....5V",
      "2022ApJ...924..112V",
      "2025arXiv251218485M",
      "2021ApJ...923..116M",
      "2021ApJ...909....7K",
      "2025ApJ...980...70R",
      "2024ApJ...974..198R",
      "2023A&A...676A..36L",
      "2025A&A...694A.265A",
      "2025ApJ...990L..60R",
      "2025A&A...700A..23A",
      "2023SoPh..298...78W",
      "2025ApJ...982L..40A",
      "2025arXiv251220098D",
      "2026ApJ...996L..12A",
      "2025GeoRL..5215186B",
      "2025A&A...700A..23A",
      "2025GeoRL..5215186B",
      "2025arXiv251220098D",
      "2025arXiv251220098D",
      "2025ApJ...982L..40A",
      "2024ApJ...964L..31A",
      "2025A&A...694A.265A",
      "2021ApJ...923..116M",
      "2020ApJS..248....5V",
      "2025arXiv251220098D",
      "2026ApJ...996L..12A",
      "2025ApJ...984L..64A",
      "2025GeoRL..5215186B",
      "2025ApJ...990L..60R",
      "2025A&A...700A..23A",
      "2025ApJ...982L..40A",
      "2025arXiv251220098D",
      "2024ApJ...974..198R",
      "2025ApJ...980...70R",
      "2025A&A...694A.265A",
      "2025ApJ...990L..60R",
      "2025ApJ...982L..40A",
      "2025arXiv251220098D",
      "2026ApJ...996L..12A",
      "2025ApJ...984L..64A",
      "2025ApJ...990L..60R",
      "2025A&A...700A..23A",
      "2026ApJ...996L..12A",
      "2025ApJ...990L..60R",
      "2025arXiv251220098D",
      "2022RNAAS...6..135A",
      "2025arXiv251218485M",
      "2025ApJ...990L..60R",
      "2025arXiv251220098D",
      "2025arXiv251220098D",
      "2025ApJ...982L..40A",
      "2023ApJ...952...42A",
      "2023IAUS..372....3M",
      "2026ApJ...996L..12A",
      "2025ApJ...980...70R",
      "2025A&A...694A.265A",
      "2021SoPh..296...67A",
      "2025A&A...700A..23A",
      "2020MNRAS.498.5524W",
      "2020ApJS..248....5V",
      "2021Atmos..12.1277N",
      "2025arXiv251218485M",
      "2025ApJ...986L..28H",
      "2025ApJ...982L..40A",
      "2026ApJ...996L..12A",
      "2025ApJ...984L..64A",
      "2022ApJ...924..112V",
      "2021ApJ...923..116M",
      "2025A&A...700A..23A",
      "2022RNAAS...6..135A",
      "2025arXiv251218485M",
      "2025ApJ...982L..40A",
      "2023ApJ...952...42A",
      "2025arXiv251220098D",
      "2026ApJ...996L..12A",
      "2025ApJ...980...70R",
      "2025A&A...694A.265A",
      "2025A&A...700A..23A",
      "2025arXiv251220098D",
      "2026ApJ...996L..12A",
      "2025ApJ...984L..64A",
      "2025ApJ...986L..28H",
      "2025A&A...700A..23A",
      "2025ApJ...982L..40A",
      "2022RNAAS...6..135A",
      "2026ApJ...996L..12A",
      "2025ApJ...984L..64A",
      "2025A&A...700A..23A",
      "2025arXiv251220098D"
    ],
    "total number of citations": 892,
    "average number of citations": 6.41726618705036,
    "median number of citations": 0.0,
    "normalized number of citations": 124.02165503373101,
    "total number of refereed citations": 804,
    "average number of refereed citations": 5.784172661870503,
    "median number of refereed citations": 0.0,
    "normalized number of refereed citations": 110.91477314152473
  },
  "citation stats refereed": {
    "number of citing papers": 467,
    "number of self-citations": 143,
    "total number of citations": 879,
    "average number of citations": 24.416666666666668,
    "median number of citations": 13.0,
    "normalized number of citations": 122.29066002703267,
    "total number of refereed citations": 794,
    "average number of refereed citations": 22.055555555555557,
    "median number of refereed citations": 10.5,
    "normalized number of refereed citations": 109.40926833090484
  },
  "histograms": {
    "publications": {
      "all publications": {
        "2014": 2,
        "2015": 3,
        "2016": 2,
        "2017": 9,
        "2018": 9,
        "2019": 10,
        "2020": 9,
        "2021": 11,
        "2022": 32,
        "2023": 25,
        "2024": 13,
        "2025": 13,
        "2026": 1
      },
      "refereed publications": {
        "2014": 0,
        "2015": 0,
        "2016": 0,
        "2017": 0,
        "2018": 2,
        "2019": 3,
        "2020": 4,
        "2021": 4,
        "2022": 4,
        "2023": 5,
        "2024": 3,
        "2025": 10,
        "2026": 1
      },
      "all publications normalized": {
        "2014": 0.25396825396825395,
        "2015": 0.6761904761904762,
        "2016": 0.5833333333333333,
        "2017": 2.6428571428571432,
        "2018": 2.0,
        "2019": 2.9031746031746035,
        "2020": 0.7126202300115343,
        "2021": 2.2111111111111112,
        "2022": 3.943817350481933,
        "2023": 1.9700861463070594,
        "2024": 0.9324058587216483,
        "2025": 2.505935551478116,
        "2026": 0.5
      },
      "refereed publications normalized": {
        "2014": 0,
        "2015": 0,
        "2016": 0,
        "2017": 0,
        "2018": 0.45,
        "2019": 1.6666666666666665,
        "2020": 0.20333000333000334,
        "2021": 0.6777777777777778,
        "2022": 0.3257408226448474,
        "2023": 0.39626941685765216,
        "2024": 0.29583333333333334,
        "2025": 2.2893299348725,
        "2026": 0.5
      }
    },
    "reads": {
      "all reads": {
        "1996": 0,
        "1997": 0,
        "1998": 0,
        "1999": 0,
        "2000": 0,
        "2001": 0,
        "2002": 0,
        "2003": 0,
        "2004": 0,
        "2005": 0,
        "2006": 0,
        "2007": 0,
        "2008": 0,
        "2009": 0,
        "2010": 0,
        "2011": 0,
        "2012": 0,